hu1,hu2,hu3,hu4,hu5,hu6,hu7,area,perimeter,compactness,class
0.16257149213401073,5.634184505431841e-05,0.0001537614281577955,1.2922863301509507e-06,-1.738363055546789e-11,-9.635216919771176e-09,-5.4447688250816325e-12,299.5,68.04163014888763,0.8129377120408153,a
0.16814540459298868,0.000976033112540787,0.00031362243275097405,2.939718784228427e-06,8.711147687285837e-11,3.6472583792790295e-08,1.9471384171920265e-11,151.0,49.455843687057495,0.7758032260036876,a
0.16356002143000287,6.92768638153454e-05,0.0001457603038881584,3.023799807302459e-06,-6.327177428575848e-11,-2.492407003628048e-08,-5.159518366758236e-12,902.0,119.5979790687561,0.79244425144982,a
0.21740091752143031,0.000394817899545434,0.0008743628527463665,0.0001873021232018756,7.28208802060548e-08,3.4659568600582057e-06,2.1035997318531964e-08,613.0,163.0538227558136,0.2897399415471227,a
0.16721708104404093,0.0006007766281722263,5.9715228525389326e-05,3.789090443120366e-06,-5.6907259368266756e-11,-9.275990662824724e-08,-3.1807638792717987e-12,1122.0,465.10259318351746,0.06517862570176405,a
0.2245978368841106,0.0007350246570260856,0.002226498550333655,0.0010286391190496343,1.1307308957421414e-06,2.6075956939600582e-05,-1.0699401289041676e-06,390.5,257.37972366809845,0.07407680485266013,a
0.2224561080185077,0.0033133462566161723,0.001973524702259367,0.0008823272512797314,9.169843239360866e-07,1.8348878859539632e-05,7.174538424287424e-07,218.0,89.11269783973694,0.34497464294974595,a
0.21210814579053555,5.464210440865277e-05,0.0009119508594072701,0.0003429506232114862,1.9113605589453565e-07,1.2461843494737905e-06,1.5862663268258057e-08,532.0,158.02438521385193,0.26771535275070696,a
0.21427048586935338,0.0005988787893386471,0.0007717293403599352,0.00016632278742991302,5.913828051874109e-08,3.5663920309135068e-06,7.308574029071845e-09,624.5,162.2670258283615,0.2980449409891569,a
0.16428241548217853,5.9073957987030695e-05,8.381628974113637e-05,4.555664063811868e-06,-8.598748235224565e-11,-3.440427714817487e-08,-2.304051264470854e-11,1639.0,173.53910398483276,0.6839023814886372,a
0.1702245920203232,0.0007743713281653306,0.00022149768828436762,3.84323379532634e-06,9.53339034439094e-11,4.682351475370958e-08,-5.903427851565475e-11,230.0,63.11269783973694,0.725611588129368,a
0.21635345791952482,3.0050213170406594e-06,0.0008773256050572434,0.00037358952860882443,2.1301495866152213e-07,6.11914109282028e-07,-1.9229139436669804e-08,1181.0,241.48022890090942,0.2545051670351263,a
0.16382368472920816,0.0003836208483205371,9.573223634693014e-05,3.1875591289484687e-06,-5.552323225118299e-11,-6.240897270639879e-08,4.204684640738605e-12,721.5,109.01219260692596,0.7629499514172532,a
0.1651912032057305,0.001190097262966101,7.521676924706698e-05,2.5081979241654624e-06,-3.4211882170711937e-11,-8.605181566562774e-08,-4.05077061433558e-12,596.5,186.81118214130402,0.21479025554155137,a
0.16417311633899667,0.00040127784445378914,0.00010682384328998982,1.6173792561950108e-06,-6.7331965442939345e-12,7.515520530392229e-09,2.0165019817026974e-11,85.5,36.38477599620819,0.811589776628901,a
0.162042343507326,0.0001884482050196421,0.0001118644571531975,5.174791329976959e-07,-3.90204438855393e-12,-6.9978729502433905e-09,-5.248234629153149e-13,278.0,65.94112491607666,0.8034187381875936,a
0.16263205543803966,6.633594255874093e-05,0.00012978061983333979,1.7229181505347182e-06,-2.5665461030802872e-11,-1.3926802461057046e-08,-2.243426318109734e-12,296.5,66.87005722522736,0.8332420371124899,a
0.2089451817069692,0.005264364023900365,0.0013716894447275653,0.0009340974461694071,1.0451818239313894e-06,6.680289824033326e-05,1.5990816499011456e-07,1020.0,183.68123936653137,0.3799097449302536,a
0.240403978552123,0.006774306436797404,0.0038588812972223303,0.0018632077298959234,4.817726935902918e-06,0.00015187789101795665,1.322703933911576e-06,95.0,74.28427076339722,0.21634145224110046,a
0.16366538016471288,7.58642731590814e-05,7.80282672052601e-05,2.1386029544906947e-06,-2.5752040788507922e-11,-1.7972761368195506e-08,1.0001978786844052e-11,241.5,60.870057225227356,0.8190672835613502,a
0.16696689747154747,0.0010047040726509997,5.420792510443387e-06,3.342655372254616e-06,2.8437500417552084e-12,2.7776288505595597e-08,1.3941747441426027e-11,581.5,191.92387998104095,0.1983816752511336,a
0.20891438807844537,0.0001366800721740798,0.000988826291785059,0.00016953382786782435,6.610476258386489e-08,1.5645321919549733e-06,-2.1175644343928387e-08,1409.0,248.7939372062683,0.286049551555005,a
0.9865185144998475,0.20090740943666524,0.15278627435818132,0.436598735094227,0.11207156816930097,0.19533075832217772,-0.012466529801054983,48.0,200.5096664428711,0.015003081634773761,a
0.21970646276488184,0.001825895427951232,0.00031362065194627813,0.0010438002740782823,5.922108938354138e-07,-8.173366457526553e-08,7.712511790928047e-08,799.5,457.34523379802704,0.048033033725448836,a
0.1635420536456791,0.00036407845505241507,0.0001174071926352508,2.923597237933383e-06,-5.399138755425605e-11,-5.572912256891573e-08,-4.3409390094651165e-12,824.0,116.42640614509583,0.7638957468778385,a
0.19388990495296826,0.002601756074953167,0.0005643863289686406,0.00010871676974034654,1.571030271742224e-08,1.3662198918016618e-06,2.187236302622408e-08,151.5,66.5269113779068,0.43015777265896243,a
0.19698825972766756,0.00038879677351907785,0.0007952549362591243,4.421385385114374e-05,5.3509221116785075e-09,1.5199573741014704e-07,-6.332708306658806e-09,761.0,168.36753106117249,0.3373477624167477,a
0.16383143229027422,0.0003456046747730405,0.00014552481874810017,3.3287899174225627e-06,-7.114626431707642e-11,-5.899108321984456e-08,1.7493080806644878e-11,834.0,114.76955199241638,0.7956508699119931,a
0.16434194577254022,0.00048032434936582914,0.00016088276346564714,3.8690811766708275e-06,-7.366987339406534e-11,-7.615176308513701e-08,6.237765248986406e-11,195.5,54.72792184352875,0.8202357825650022,a
0.18225701819635565,0.0004562287860251332,0.00027336349028756683,0.0002648815981624196,5.6638109380181744e-08,5.1899248790906065e-06,4.327240219967979e-08,357.0,147.1959581375122,0.2070552803628132,a
0.19424149011301833,0.004246983443877765,0.0003537518443976767,0.00027729760288716036,8.448020695058288e-08,1.7526685565324248e-05,2.0148751981438793e-08,462.0,117.39696860313416,0.421248215353164,a
0.16422155825484902,0.00039532633626226704,0.00013798053003701092,4.117521334782276e-06,-9.803371894263339e-11,-8.161881868723432e-08,4.646240303982108e-12,1653.0,174.85281229019165,0.6794186655851411,a
0.1642136279215009,0.00036860086840143574,9.774219665962493e-05,3.764531036069634e-06,-7.100007207911985e-11,-7.202604582854875e-08,-1.3172494440332923e-11,720.0,111.25483322143555,0.7309784713672477,a
0.16770236367237493,0.0018700208622568141,5.4886179684821116e-05,1.8483458100138247e-06,-1.796179773468226e-11,-7.812477733677361e-08,-4.8950132057163285e-12,154.0,93.11269783973694,0.22320954632978765,a
0.16302803381075523,0.000122797823157909,0.00012341189422104498,2.9125379229865945e-06,-2.496917878289354e-11,-1.764855738655989e-08,-4.925079624826793e-11,186.5,53.55634891986847,0.817084130211081,a
0.4851882524055445,0.06098866847484171,0.0004727520364838736,0.004704583282725865,2.0011410610164485e-06,-0.0011612580527948176,-6.724708182855019e-06,78.0,133.0538227558136,0.05536684202541101,a
0.20836739031592916,0.00010657302713505406,0.0010171632786842597,0.00015584993179165992,5.869317740307888e-08,1.165558589554015e-06,-2.013833075142774e-08,1411.5,249.0365778207779,0.2859989686045269,a
0.1625435574130739,8.919445970554232e-05,0.0001307489437007497,1.399114506270091e-06,-1.6724926327196957e-11,-1.1767924138837818e-08,-8.852773600619357e-12,297.5,68.5269113779068,0.7961126381469288,a
0.2214518875730226,0.00143414986927106,0.001012165308603805,0.00023522162461221634,1.1053491709053359e-07,8.77740736399753e-06,3.090285355015411e-08,551.0,154.36753106117249,0.29056917918171205,a
0.2150649828052617,0.0004602051776182389,0.0009494657109408364,0.00016727813133843715,6.645034978371774e-08,3.1365841563801013e-06,5.3463736057983545e-09,1423.0,246.99494767189026,0.2931153919721247,a
0.17383878660598787,0.0014399962216811544,0.0003174386750808032,4.375430372812439e-06,1.462662935351059e-10,6.832981348782761e-08,-7.208610130300196e-11,398.5,87.01219260692596,0.6614209773937454,a
0.18921414742474613,0.0033208577510527118,0.0002460960162387343,0.0001929391055202356,3.9379627662704955e-08,1.050694453725581e-05,1.4723080980236046e-08,1075.5,177.92387998104095,0.42692520677785994,a
0.16735061795355188,0.00044085892871877476,0.00040079628514542006,6.288989062416118e-06,3.099308124060457e-10,2.7274126865236073e-08,6.030128671969748e-11,297.5,70.5269113779068,0.7516005757941013,a
0.16368999265209935,0.0002580212242018082,5.09115597761232e-05,1.78410395424031e-06,-1.695024617895165e-11,-2.831947439462965e-08,-1.3447350000053574e-12,221.0,60.62741661071777,0.7555513950811829,a
0.19732126899310964,0.0025509332856539714,0.0006886608389738812,0.000108303342924835,1.5110270297900503e-08,1.7431290665196336e-06,2.5426845016003877e-08,149.0,65.4558436870575,0.43701795694171486,a
0.23103010648011324,0.00140614657571995,0.0016517157067936507,0.0008734593216340163,7.598409515717419e-07,-3.015376109513077e-06,7.23413778929294e-07,1018.0,295.2792184352875,0.14672086430608103,a
0.21091151279827008,0.003944517197162911,0.0011540886789129776,0.0003750839798123166,1.81144700364423e-07,1.0613001582335887e-05,1.6759367545622896e-07,119.5,59.69848430156708,0.421357918133757,a
0.23057322876460393,0.0001773431271942647,0.0009612381338313797,0.00043621454849843513,2.715328230258102e-07,5.8060909048445726e-06,7.782542156487512e-08,1177.5,245.23758828639984,0.24603489472314696,a
0.21560410074249153,0.0031011548094069434,0.0015865414680060548,0.0007172136923790583,6.382654701333109e-07,1.910409966819893e-05,4.2183205732090294e-07,221.0,89.5979790687561,0.34594392591294987,a
0.16327914307990887,0.00039718641212485323,0.00010005677309838858,1.8513346414432333e-07,7.668018247706552e-13,3.314095435517654e-09,2.1658494404807057e-13,87.0,36.14213538169861,0.8369538277697894,a
0.16313087896098583,7.236093385553018e-05,0.00013573955848038115,2.5043922005279203e-06,-4.61749712120895e-11,-2.122335855266583e-08,-3.0804216720193735e-14,894.5,119.49747383594513,0.7871776593938414,a
0.2559592585656614,0.008876665663333044,0.005241234557685764,0.005125749962990016,2.5991588688385984e-05,0.00048234591717997294,5.502421012433972e-06,336.0,160.71067690849304,0.1634781373423074,a
0.16368106265323765,0.00035296275410778675,6.765046018578629e-05,2.6461484632410996e-06,-3.539967936031865e-11,-4.9704901141143375e-08,5.753782039475398e-13,718.5,112.18376553058624,0.7174251708614261,a
0.20085996095283504,0.005423373706429123,0.0009651363625604579,0.00046114301474674854,3.006867818849287e-07,3.38358936224732e-05,6.505384629937046e-08,558.0,124.56854152679443,0.4518843529529166,a
0.16461031594805603,0.0003535564919095012,5.7737863336097605e-05,4.099597507050292e-06,-5.833795199619237e-11,-7.688236712893241e-08,-2.3976296710926625e-11,657.5,129.15432798862457,0.49532208581188836,a
0.22371239097004575,0.0012702411437408136,0.0011724619033972362,0.0002946342447179307,1.624961482625953e-07,1.0203975605222967e-05,5.985870311730238e-08,543.5,153.63960921764374,0.28933636746022795,a
0.17317075976497226,0.0021301807790917726,0.0002970117411747896,3.2945306525626935e-06,-9.655118752940556e-11,-1.5094837708508324e-07,-3.603603638207329e-11,61.0,33.31370830535889,0.6907068157451752,a
0.2113978663853667,0.003119341676072057,0.001065532641682372,0.0003591524231957117,1.6484584627313405e-07,6.333332942316191e-06,1.4895982881725991e-07,271.0,93.94112491607666,0.3858936587741298,a
0.19127472044858865,0.0033547548361537636,0.0002491440543528882,0.0002200714916008207,4.6986661825481554e-08,1.2165671674704797e-05,2.1159551074427387e-08,1067.0,178.02438521385193,0.42307298446452724,a
0.1637857654541172,5.029537415056746e-05,9.795857572221622e-05,3.401673245328376e-06,-6.174284652418667e-11,-2.4121378758874522e-08,6.60847303931754e-12,784.0,116.08326029777527,0.7311167477547771,a
0.2209203939146069,0.00287813191615711,0.0019670716045419143,0.0008176439395080403,8.879058403350911e-07,2.2571937264399692e-05,5.356132908429057e-07,224.5,88.04163014888763,0.3639569852102209,a
0.1643056405054964,0.0005829256842871802,0.00020959436469046341,4.6328177490044577e-07,1.3530241271481495e-13,-6.8921617763205505e-09,-4.563171559084081e-12,64.5,30.727921843528748,0.8584266651878889,a
0.16322146447768254,7.260629177044904e-05,0.00020400629094166368,2.274351877993384e-06,-4.433354309171801e-11,-1.8826237324396217e-08,2.084625143319016e-11,289.0,64.62741661071777,0.8695090665710242,a
0.1636273827187156,0.0003455114834084209,9.806412918440794e-05,2.5640250066484603e-06,-3.52001192014947e-11,-4.113827895064167e-08,-2.0346183505880243e-11,223.5,59.21320307254791,0.8010327688923958,a
0.16488297676859331,0.001035800897876569,0.00011332498490015511,1.169775929814892e-06,-1.3425576051625322e-11,-3.7586201021022614e-08,-1.0735065369413796e-12,176.0,67.11269783973694,0.49103577848111485,a
0.16430772136903493,0.00038273269848902074,0.00010716285866585663,4.061236697881921e-06,-8.215106072596024e-11,-7.860585488007776e-08,-2.0723498930185043e-11,722.5,112.66904675960541,0.7152180652680181,a
0.25354668960535004,0.0017434406502821946,0.00396475904379464,0.0018363993186067485,2.8933259034922794e-06,5.1042100096200714e-05,-4.022739651600006e-06,416.5,223.5807341337204,0.10470227399662584,a
0.18201505361301484,0.002966927578724433,0.00017982210401474213,7.349497744546651e-05,7.507812577058103e-09,3.8181380043134455e-06,3.875467079083916e-09,577.0,122.08326029777527,0.48648946446737856,a
0.22973376031750864,0.007945102483743895,0.0014925412601855088,0.0008404591756858478,9.353008115121547e-07,7.410612064482358e-05,1.0629715469310275e-07,130.5,104.18376553058624,0.15108462653444663,a
0.1665730585438578,0.00040839775256563455,0.0003565146629487474,3.5178997285243046e-06,1.24452568027442e-10,1.4620053303093565e-08,5.731196989012316e-12,291.5,69.69848430156708,0.7540527974849136,a
0.17188919649457862,0.0008634669731643311,0.00027613631446367956,9.713343906210152e-06,4.773149714688526e-10,1.406648057264641e-07,-1.588524433112305e-10,224.5,63.69848430156708,0.6952932487299371,a
0.16405070842993316,0.00033926726278479905,0.000160584928422618,3.450192336467557e-06,-8.076806549462556e-11,-6.329308000143703e-08,8.474775103200775e-12,826.0,116.56854152679443,0.7638835995099726,a
0.8766616160629841,0.07401954305896496,0.11948342391088373,0.1732171839721494,0.01286053234920002,0.007466575801279497,-0.021344576628313603,318.0,623.6711347103119,0.010273671989489986,a
0.17407463632275028,0.0009826547044595835,0.0004803047441234005,1.84903272429032e-05,1.7288939790187778e-09,3.1337879083391714e-07,-2.1741085597008791e-10,219.0,64.28427076339722,0.6659544657359621,a
0.1621573512846097,0.00022457331233286174,6.616763139853592e-05,9.958825572754418e-07,-7.740482652907945e-12,-1.490763681507375e-08,-2.3320797731315486e-12,222.5,58.5269113779068,0.8162602872148667,a
0.16257155185845334,7.345361954064068e-05,0.00013396079156302771,1.0240860258202969e-06,-1.1837100306125884e-11,-8.069024149682647e-09,1.9387149632547542e-12,304.0,69.11269783973694,0.79977487265773,a
0.1625046981902577,5.506103960095644e-05,0.00014874852307787066,1.4309432775640785e-06,-1.940306195321883e-11,-9.607266469411301e-09,7.704154331150795e-12,296.0,67.4558436870575,0.8174522962344675,a
0.1642688284445405,0.000595041237032946,7.73078511343127e-05,2.1140812414858126e-07,-6.744188131276236e-13,-5.124384521585484e-09,-5.24982012202861e-13,62.5,30.727921843528748,0.8318087840967915,a
0.1638739843864116,0.0004074620970766427,8.179510839225124e-05,3.4699361025651496e-06,-5.485423839774395e-11,-6.757470501970597e-08,-2.0208430386758586e-11,1512.0,163.7401144504547,0.7086821204510022,a
0.16927613100848976,0.0009556082430338649,0.00021040083303694164,5.221061831720375e-06,1.4963103619710303e-10,-1.9591743759673074e-08,8.692254406794662e-11,115.5,44.38477599620819,0.7367561732182281,a
0.1632375103378846,6.995996879926845e-05,0.00013588600122259244,2.4879264445962584e-06,-4.5209967069438043e-11,-2.0800032719583342e-08,-6.975973746976527e-12,904.0,122.22539567947388,0.7604232565832325,a
0.21543952382452064,6.471029092782942e-06,0.000893906064740942,0.0003557197203624341,1.994158403420002e-07,6.147502385238237e-07,-2.166580307838653e-08,1184.5,240.69343197345734,0.25693096627498163,a
0.23029794934338277,0.00017454860281988002,0.001114655489847149,0.0004073182095343504,2.6620435097410503e-07,5.337410344916843e-06,6.678894636189626e-08,1180.0,243.33809351921082,0.25042153252223415,a
0.16420936096805652,0.0002669943760052622,8.699851621784073e-05,3.241064061299061e-06,-2.389383757115425e-11,-3.2730344062133724e-08,4.889799432161531e-11,219.5,58.870057225227356,0.7958944434066021,a
0.17562611897787722,0.0018700452692142068,4.3070165445937135e-05,2.0936511511801385e-05,-5.574221148422966e-10,-5.518668175691289e-07,-2.90769021922353e-10,96.0,76.62741661071777,0.20545311429066945,a
0.9965277777791925,0.5954981674353311,0.9290004565357179,0.5632847934863875,0.40501572132856256,0.4031888747509648,0.04469232572273149,2.0,59.455843687057495,0.007109691677449154,a
0.16242900155401996,0.0002723070502752245,0.00012528204815209732,9.236228219403846e-07,-9.846222030023354e-12,-1.511965826438149e-08,-1.3283680795832783e-12,283.0,66.76955199241638,0.7976996014775102,a
0.20476163166611266,0.0013994194334134066,0.0006863805364984274,4.486196904606373e-05,7.865001882903242e-09,1.6114613081743264e-06,-3.3819995100649343e-10,300.5,106.32590091228485,0.3340228658734595,a
0.27728380643356015,0.006142311637486592,0.008768933952723455,0.00514281641972199,3.452743402242927e-05,0.0003902628724562911,7.794268349245697e-07,177.5,133.01219260692596,0.12607393736767314,a
0.16398391570561738,0.00040899783100150754,0.0001274826970342424,3.6435373842006524e-06,-7.852461244535949e-11,-7.365219257543939e-08,-3.639503786833861e-13,1657.5,172.61017167568207,0.6990860436725855,a
0.17341805379702135,0.0007250712895697978,0.0004894546824087068,7.086051803516878e-06,3.582191382102158e-10,8.436373758311687e-08,-2.1407905566475442e-10,841.5,130.46803629398346,0.6212347384817087,a
0.16274990371883058,5.830420870594963e-05,5.0548499468916494e-05,1.7271021315237833e-06,-1.2135024873784861e-11,-9.897502293849362e-09,1.063738558850628e-11,186.0,53.79898953437805,0.8075595749955452,a
0.17530372848277248,0.0014238407177509349,0.00033620376268635145,6.168066225627307e-06,1.9999041592399687e-10,1.3366278105573278e-07,-1.9722795187171595e-10,394.5,87.84061968326569,0.6424895817101021,a
0.17211063736254603,0.0007342837023412998,0.0004666283854988085,1.6513262303313387e-05,1.4368481040962955e-09,2.062475094378774e-07,-1.915179834753271e-10,223.0,63.79898953437805,0.688473338237043,a
0.20969421307408845,0.00013366808553708198,0.001045513653840894,0.00016838145720280982,6.63603319877622e-08,1.2886802064351223e-06,-2.4240314494705713e-08,1407.5,250.06601536273956,0.28284526944851185,a
0.19085788807120246,0.0018722009972862253,0.0006578913960969177,0.00010643728859918212,9.416106128057798e-09,1.6783007047332973e-06,2.6544935214543595e-08,347.0,98.42640614509583,0.4501073273358459,a
0.2204493171038077,0.0011552950649412765,0.0010064179323993202,0.00021970451061694048,9.796232734910313e-08,7.294596669282149e-06,3.2811554602850944e-08,555.0,152.71067690849304,0.2990639345642501,a
0.16430651485300055,0.0003665846265971004,9.714624331472139e-05,3.8988857463472715e-06,-7.580399154857178e-11,-7.462277004549818e-08,-3.381573418754507e-12,724.0,111.5979790687561,0.7305261560103107,a
0.1645783679317177,0.00038652107280076446,9.734672837831491e-05,3.0162921274417926e-06,-4.861639908427751e-11,-5.4628681497206514e-08,-1.7545996186244512e-11,225.0,59.455843687057495,0.7998403137130298,a
0.16786772222222063,0.0009628862807448084,0.0001639917277887261,1.0842243082594935e-05,3.4126284439815877e-10,2.7800287417708057e-07,-3.042295001310763e-10,100.0,71.5979790687561,0.24513670031116544,a
0.1966932482450493,0.004272077253175762,0.002389843874550027,0.00048333050811246185,5.161812846599349e-07,3.1546391976998954e-05,5.826053173565017e-08,446.0,103.5979790687561,0.5222063586346405,b
0.1680611906721452,0.00138891867731191,0.0003913015332271942,1.0399519780530198e-05,6.411893180010147e-10,3.590466977853071e-07,-1.7022425189309717e-10,112.5,41.55634891986847,0.8186299289202458,b
0.5230761256885752,0.15222572587876723,0.0008717719327566403,0.0023121990316039213,1.8161456706652016e-06,0.0006454408057884097,-2.734617817679846e-06,17.5,69.69848430156708,0.045269035869591724,b
0.17713041753680986,0.003007936143288261,0.0007905918486187316,5.854989592659772e-05,1.2502163079843255e-08,3.210871858197847e-06,1.542411215364632e-09,208.5,60.5269113779068,0.7151858239700887,b
0.18328644085545412,0.0035224657935080802,0.00137185550179672,0.00013289153751368693,5.585478755475638e-08,7.709795641501433e-06,9.991549439798796e-09,341.5,81.01219260692596,0.6538826272083683,b
1.002084694259059,0.3418779897534501,0.19924812776939546,0.0057408421365392785,-0.00019267780054430238,-0.0031786616108310096,2.394794687491434e-05,567.5,617.7127648591995,0.018689710654418767,b
0.19369563630251657,0.0035102412783147236,0.0021927787844203423,0.0005112366693657274,5.378404935614369e-07,2.9778029346867193e-05,6.101647005831342e-08,858.0,143.25483322143555,0.5253861078748431,b
0.19465472950766163,0.004495087455871976,0.002078405219030965,0.0004391021900880804,4.181833599020865e-07,2.943828463973717e-05,3.29845018978376e-08,440.5,100.04163014888763,0.5530880269703189,b
0.18663256488304866,0.0013829229209880878,0.0012201129656232474,0.0005357872813033734,4.28969489247469e-07,1.7051280750664626e-05,6.039508998674273e-08,658.0,177.88224983215332,0.2613187247909593,b
0.18596850507358745,0.004202793717527707,0.0014392696075544967,0.00017848927491496259,8.847534213071308e-08,1.0673208355973909e-05,1.8877423455809654e-08,313.0,77.94112491607666,0.6474718065849874,b
0.2249348816485944,0.011688486761389108,0.003981486909018176,0.0006016697035760623,7.787841773433072e-07,6.39362274834712e-05,-5.10584088290026e-07,249.5,77.35533845424652,0.523962050057905,b
0.5353322495008984,0.06586928637674591,0.0893581795905127,0.02177597278546763,0.0007816721293187985,0.005371385795834987,-0.000558303202107098,86.5,89.35533845424652,0.13613975452479124,b
0.16944115823158848,0.0018404688359686425,0.0003585566631693157,1.4759440233409726e-05,1.0596933349951777e-09,6.156864216342683e-07,-1.728752277569854e-10,113.0,41.79898953437805,0.8127495567588858,b
0.20766408627276284,0.006254359127276238,0.003753154460919352,0.0011463562970395252,2.3687675781623157e-06,8.97405327374527e-05,2.0720427054714782e-07,870.5,153.8406196832657,0.46220708491929285,b
0.3483205094050995,0.036105537837133085,0.008718211879752923,0.0002912522874976315,-2.67982007556523e-07,-5.1215184571399604e-05,3.789202589990477e-07,588.5,184.61017167568207,0.21699267760460217,b
0.21030893359756786,0.0025925656547876384,0.004041500297700413,0.0012790481719047824,2.8960655266254993e-06,5.575299011518067e-05,-2.637254190359017e-07,306.5,121.9827550649643,0.25884719727759953,b
0.1920133065878975,0.0029715003507124575,0.0019322818526074773,0.0005079169729033511,4.984293790470515e-07,2.7198215523716694e-05,6.898826349689272e-08,777.0,146.56854152679443,0.45451618235604924,b
0.18332366372243775,0.002128941987221172,0.0011554002910337314,0.000313270649130592,1.8464122928439997e-07,1.2756193793132474e-05,3.780397751298279e-08,1566.5,213.5807341337204,0.4315350874640003,b
0.20092028249435678,0.006188004455861021,0.002801484514052619,0.0006157720747082193,8.02450792226162e-07,4.775947236896455e-05,1.0089013914820432e-07,275.0,79.4558436870575,0.5473824522479775,b
0.21630199175774115,0.01134211522920017,0.0023369194910178503,0.00019789567715875842,5.0891996040723507e-08,1.5495303026711335e-05,-1.2458503881274265e-07,267.5,78.18376553058624,0.5499212268779904,b
0.17229286934564944,0.00028741688319163357,0.00020773210627190073,3.521627987676029e-05,-8.063529185435244e-10,-4.780597569170574e-07,2.9021445226863178e-09,1410.0,377.13708305358887,0.12457488681006527,b
0.34239011156952814,0.03606551007756323,0.007975735288906332,0.0002538403497468349,-2.245187827642408e-07,-4.400283296966659e-05,2.8292031663784564e-07,604.5,187.92387998104095,0.2151009003011305,b
0.1703695213909031,0.001417771206548751,0.0005131169059593168,1.777424527030958e-05,1.6064573382951987e-09,6.526584203553822e-07,5.482734566083299e-10,111.5,44.041630148887634,0.722367104122076,b
0.44493427154331483,0.06906864322374233,0.012561721983225712,0.001140744170551544,3.6666099602590183e-06,-3.267869950245824e-05,-2.281049157757944e-06,1003.5,279.0365778207779,0.1619589553560476,b
0.5112596297966148,0.004265069289384128,0.000493404415550706,0.0010085238551005458,-4.7620409850125534e-07,4.962377192223688e-05,-5.28544271990766e-07,14.5,75.01219260692596,0.0323827812472457,b
0.18928204749356728,0.004094549543949737,0.00157794368886657,0.00023852023455305183,1.448442146948231e-07,1.5219165201954524e-05,2.0800096231465456e-08,556.0,107.94112491607666,0.5996678643751175,b
0.19531229215462861,0.003243493916585928,0.002343796698119943,0.0006759710073715204,8.456444882125279e-07,3.765541261362258e-05,9.395754841428726e-08,203.0,69.79898953437805,0.5236096368420002,b
0.1831929874395953,0.003925235027160148,0.0012004551252882277,0.0001492938665441812,6.241296317008849e-08,8.993887914214803e-06,9.960346872165645e-09,308.5,76.87005722522736,0.6560706712411494,b
0.19191703573552787,0.00492060193477455,0.001817845713236419,0.00022184014139237687,1.3601904350639594e-07,1.537685865391232e-05,3.667454706615728e-08,148.0,56.62741661071777,0.5799867619329891,b
0.30066373307419825,0.028400661173358474,0.005607291281192136,0.00047419136264247345,-6.300211080393316e-08,3.5151884833437155e-05,-7.706560487381289e-07,175.0,93.5979790687561,0.25102384024209407,b
0.2013061517249113,0.007674198551067472,0.0024181243906454715,0.00045870095053287874,4.803105299505832e-07,3.990766358560291e-05,5.1806395658268595e-08,282.0,79.11269783973694,0.5661957209803763,b
0.194220720495135,0.0036244888415217055,0.0023367540151729323,0.000510526960139369,5.532390317606612e-07,3.028105109690917e-05,6.972206685600325e-08,867.0,146.36753106117249,0.5085568016671485,b
5.036749402294732,2.776387896345857,45.26299685782223,54.12583980966289,2468.5035022665857,-68.18387500565684,1041.0220084270547,41.0,550.8183224201202,0.001698153577381151,b
0.20479958275885884,0.006305490109028468,0.0028034755888992043,0.0007505062304202436,1.010298372914598e-06,4.0549918565496704e-05,4.054750133145851e-07,178.5,95.69848430156708,0.244927734679247,b
2.8568913289256193,3.60047032533506,5.057359619635413,0.440756539202906,0.3357240813710458,0.7354832756138205,-0.5659695041411948,215.0,495.8477599620819,0.010988833996077087,b
0.1943450397515996,0.002376505697916616,0.0021588895065785137,0.000549508119513706,5.982953785570823e-07,2.6137652988216264e-05,1.6280504461971716e-08,358.5,98.5269113779068,0.46407618954363455,b
0.26995006357760065,0.017875527266137496,0.011153730172940175,0.003513422650957591,1.962279312236627e-05,0.0004639219689876324,-9.93404436421875e-06,172.0,78.28427076339722,0.3526868686537877,b
0.19117664682920038,0.00406171334355799,0.002059026827675028,0.00040711452434006375,3.681764460302518e-07,2.4368468555825742e-05,5.814762352830102e-08,897.5,145.63960921764374,0.5317228346719673,b
0.18653898009240272,0.002407695376731469,0.001638122555643435,0.0002543634740541837,1.6380942471355634e-07,1.2438845638230235e-05,1.1220423999734865e-08,471.5,101.84061968326569,0.5712806241698712,b
0.18411595919881124,0.0021427743514142307,0.001193906489326993,0.00033157090816287926,2.0377333134847202e-07,1.3203014693444143e-05,4.4693399068169556e-08,702.0,140.08326029777527,0.4495463690217607,b
0.1909950915000002,0.004425178733962241,0.0017808268613699405,0.0002674642052064142,1.8263017519164987e-07,1.7755406586668388e-05,2.6830442808423542e-08,552.5,108.66904675960541,0.5879365118555558,b
0.20562406898192048,0.006389243856527341,0.003540504782959149,0.0009594570206532604,1.766733419356843e-06,7.644041948592533e-05,7.584827454924964e-08,1764.0,227.9655101299286,0.4265502034046116,b
0.18721946494654718,0.004629391920573215,0.000866183367869123,0.0002592070172549249,1.223114538672245e-07,1.7407492277254162e-05,-1.1183676334365997e-08,197.5,76.87005722522736,0.4200128284282885,b
0.22180928696360663,0.011223914732493167,0.005197276813049668,0.0015751888487345917,4.5064282621741135e-06,0.00016609104786466727,7.133504631640739e-08,212.0,83.11269783973694,0.3856656554024269,b
0.18174063870018387,0.004850539447277851,0.0003755407840655511,5.65247862423428e-05,8.173463822488197e-09,3.255724395758676e-06,1.0084665721003751e-09,181.0,95.5979790687561,0.24888058333965432,b
0.189747525625304,0.003766063381761589,0.0019086625816581413,0.0003598994076824284,2.92966435739695e-07,2.0387119450360373e-05,5.609457588224746e-08,900.5,147.29646337032318,0.5215656031821624,b
0.1895098518631031,0.003684053490387259,0.0015887374040362227,0.00039898916204147164,3.153149902129665e-07,2.248160112351849e-05,3.855824532323756e-08,211.0,69.79898953437805,0.5442444993776456,b
0.5074392434177026,0.0723878628776364,0.07385961952669655,0.019899982525804178,0.000588618447731715,0.005087571729009834,-0.00048537082056681415,358.5,178.46803629398346,0.14144191701915218,b
0.5329146226102984,0.11875812284093448,0.009614804626256288,0.006934439115564579,6.815632790193161e-06,0.0014569665805341846,-5.6210569179574355e-05,773.0,272.59292674064636,0.1307254642574887,b
0.18861827819784688,0.003521509150097927,0.0018525922639551795,0.0002843022983510179,2.0437018783037317e-07,1.6474080759975993e-05,2.8364112820809672e-08,1008.5,150.61017167568207,0.558698054998962,b
0.1879226617373068,0.0030798665466862055,0.0016287799924648867,0.0003457222064829269,2.5587374718104447e-07,1.7471694866894292e-05,4.2815290004790285e-08,209.0,70.28427076339722,0.5316671944798183,b
0.19567758185687978,0.006058501710844034,0.0013197832562130305,0.0004777595721674732,3.7906912901167824e-07,3.7042783173824175e-05,-1.5158994976804167e-08,198.5,83.01219260692596,0.3619816914006286,b
0.20492401502036567,0.005114046208527541,0.003658538242914657,0.0011565645259902207,2.369444421873787e-06,8.198570837449163e-05,2.1387653873545425e-07,1793.0,229.0538227558136,0.42945243057867805,b
0.4405225992000429,0.07329009582814838,0.009923031401509044,0.0010242629976595205,2.9440152325092645e-06,-3.5520848392609703e-05,-1.4127136190686262e-06,437.0,185.33809351921082,0.15986813858888851,b
0.19878830693730265,0.004777394962566239,0.0024965149830329116,0.0005426774951448866,6.287759094872984e-07,3.7507782269160336e-05,6.023829159749237e-08,441.5,104.32590091228485,0.5097488848704225,b
0.19773171921716096,0.00392902509239116,0.0023522648122143554,0.0005869694458102839,6.824992915543597e-07,3.678954725615929e-05,9.94696902590238e-08,395.0,103.25483322143555,0.46557127859063535,b
0.1712078870335913,0.001938664617832167,0.00045159984261565684,1.6549145998637e-05,1.2152581883765243e-09,6.464242765934245e-07,7.549647277063423e-10,108.5,41.55634891986847,0.7895230870030815,b
0.2100832114007794,0.008695756393021899,0.003611035104551824,0.000931965518773409,1.696835881392641e-06,8.512226922301465e-05,2.0919927364868997e-07,2052.5,224.81118214130402,0.5103371820168261,b
0.1929135791221586,0.005013012414702702,0.0002456145204824165,0.00013287004415324442,2.234137159771834e-08,8.590515166519006e-06,8.775689741675846e-09,140.0,87.25483322143555,0.23107816716734605,b
0.1937367489573489,0.003050700462129811,0.0021100082013098603,0.000589948759596138,6.540099969421396e-07,3.202890733060642e-05,7.422533797020157e-08,778.0,142.08326029777527,0.4842879163466649,b
0.4646194255355174,0.06754963788480078,0.045049173717763624,0.008997888423946146,0.00011579294461140278,0.0021173861538512726,-0.00013931881325050688,909.0,277.0782079696655,0.14878837717621762,b
0.20699227470784945,0.0060980913538385435,0.0038368754952171303,0.0010751975837915199,2.1732008610155797e-06,8.295172956608822e-05,2.153257798599651e-07,1995.5,236.1248904466629,0.44975713034492826,b
0.19136033576985823,0.004188127807571153,0.0018703976874477261,0.00027589359707124133,1.9509828096336734e-07,1.779342373121803e-05,3.486425025123701e-08,544.0,108.76955199241638,0.5778220147644194,b
1.6796504240207284,0.0043992198476806915,0.10112547546352058,0.05395570812115087,0.003961801665822651,0.002949661412859218,-0.0004342797949291184,257.5,366.0904005765915,0.02414406629956855,b
0.4622332234882003,0.07860173558810962,0.014001449764142552,0.0009045608432156763,3.219036575807362e-06,-0.00012075721849463993,2.8706339782882117e-08,429.5,184.95331752300262,0.1577788479994397,b
0.354861900419162,0.03540133866161329,0.01961946289383701,0.003932274789458317,2.5453462834335306e-05,0.0006960838951131335,-2.3346551699473537e-05,550.5,184.2670258283615,0.20373795142569812,b
0.16998524155838943,0.0007137514454946823,0.00015195091790724997,1.5801158840650177e-05,-2.759959028673215e-10,-1.9518596969846745e-07,-7.233947575059413e-10,1402.0,370.7939372062683,0.1281423336264375,b
0.35238754549438783,0.037897238228826305,0.009144246103758469,0.0002916242551597134,-4.002486087021274e-07,-4.491234888453265e-05,2.580472922685336e-07,595.0,189.68123936653137,0.20781556509126317,b
0.1926952735215426,0.0032189792360427776,0.002120331059250165,0.0004666491601896927,4.589112876031267e-07,2.5880791049358155e-05,6.974697011175073e-08,855.5,143.49747383594513,0.522085181257584,b
2.6303544402537042,0.2554273383523076,3.366247869013999,0.6408127123537615,0.17427201482136026,-0.03385517299352481,-0.9248983496816364,158.5,512.433546423912,0.007585147395324273,b
0.18764701452652283,0.0027104995032283235,0.0016589567802641283,0.0003954714655181767,3.13248415175815e-07,1.8786506786202416e-05,6.695720382204843e-08,768.5,139.63960921764374,0.49526368686015315,b
0.18719525396821526,0.003675236693191724,0.0014544812609152303,0.00028249156174841905,1.7924274199513248e-07,1.6266925011531242e-05,2.5705397306540537e-08,238.5,70.87005722522736,0.5967228666820363,b
0.25433492035679595,0.010533557110657156,0.010994524897903583,0.006259920189086606,5.1461327711894114e-05,0.0003461462630933766,6.981662181941129e-06,110.5,159.4385987520218,0.05462421443703902,b
0.18610509675248302,0.0035525035614513804,0.0012241612887352224,0.00022686974285939649,1.1788788132814497e-07,1.2720771952188004e-05,1.9923051765013707e-08,241.0,71.79898953437805,0.5874761527945588,b
0.20784594913930915,0.007865312916026053,0.0036223666070308736,0.0008688155085452643,1.5349420675553459e-06,7.632497964707838e-05,1.3986628926306771e-07,2080.0,231.33809351921082,0.4884036428971245,b
0.21026261776781952,0.004633885941528224,0.004176023700256584,0.0015039662067835597,3.7650198888909534e-06,0.00010187547213655946,1.7550262472937863e-07,769.0,173.53910398483276,0.3208791527545833,b
0.4735226285428452,0.07010128970135912,0.0492867596122941,0.011057195643228518,0.0001764936348841604,0.0026528267856895564,-0.00018835948726302873,381.5,178.06601536273956,0.1511967045125009,b
0.18917472443443162,0.0038782356844275488,0.0016774369839393723,0.0002492040420305993,1.5952686635861351e-07,1.545458611899032e-05,2.2618217028551116e-08,550.0,107.74011445045471,0.5954121442148682,b
0.5925829597000309,0.23626297487547074,0.017958652875699702,0.04212311777013693,0.001150584235659586,0.018056724869367755,0.00013568968568413703,643.5,355.4629839658737,0.06399847871981167,b
0.1983940770090027,0.003779186927310639,0.0024596991833329947,0.0006158394150730537,7.516203797157635e-07,3.785656040303009e-05,9.777222063598851e-08,880.5,156.81118214130402,0.44997166485242385,b
0.8699162547514325,0.29522839308951926,0.0005013089806102168,0.024354225634463832,-6.760937423434133e-05,-0.0104023080812044,5.167660280350671e-05,83.0,209.82337474822998,0.023690826965940177,b
0.1760110552129859,0.002045854631167491,0.0006640738782970176,5.578015583555875e-05,8.987826757924891e-09,2.301118373438167e-06,5.8713587391681115e-09,53.5,30.727921843528748,0.7120283191868536,b
0.35238754549438817,0.03789723822882592,0.00914424610376359,0.00029162425515928296,-4.002486087014773e-07,-4.4912348884458256e-05,2.5804729226784233e-07,595.0,189.68123936653137,0.20781556509126317,b
0.2107301712053903,0.0039176867483486835,0.003816745244526759,0.001317535161711608,2.9118236893563447e-06,8.077530327190043e-05,-5.005904294216547e-07,184.0,90.42640614509583,0.2827724830039415,b
0.1972124190778284,0.0025214216988279914,0.002485753434545806,0.0006224240390921486,7.739439815577125e-07,3.0763287615833775e-05,2.027907114654346e-08,362.5,97.84061968326569,0.47586031260520645,b
0.2022620872967001,0.004283737764131488,0.003181133574323971,0.0007486099154749178,1.1538617752454727e-06,4.784153557329728e-05,-5.652744776715514e-08,379.0,112.42640614509583,0.37680132195348226,b
0.1903821156844408,0.003915768925355589,0.001735916042743512,0.0003310069050477735,2.504490167625283e-07,2.0640495424734412e-05,1.5221325928975168e-08,267.0,76.28427076339722,0.576568786517426,b
0.16903914891027005,0.001491737822125769,0.00045331447767367505,1.1643845903233324e-05,7.498816246512075e-10,4.289584398309009e-07,3.915459186200799e-10,112.5,42.38477599620819,0.786941777565546,b
0.3559913403918576,0.03779837157377223,0.010215728265197357,0.00034116681183162895,-6.119935783861734e-07,-4.3951986730391e-05,1.7643935018031583e-07,588.0,185.53910398483276,0.21464277783819072,b
0.1935087139683747,0.0036768451078891345,0.002319972310442268,0.00047597487880967314,4.970012901319373e-07,2.8447595311170355e-05,5.6209668470898906e-08,1991.0,226.7939372062683,0.4864276381113098,b
0.1765236083882459,0.0009020399240272853,0.000731643025031515,0.00010059213786914205,2.3624224310416716e-08,2.525247050505305e-06,1.366064307111676e-08,1710.5,199.09545290470123,0.5422633587864515,b
0.7196735646583261,0.04116335215068085,0.18984768345372277,0.0025368807549021183,3.948221659152324e-05,0.00010213849975138043,-3.9252429580534376e-05,319.5,283.3208485841751,0.05001769324432865,b
0.18926719215761392,0.0041990420913305265,0.0016673446236849475,0.00029111915109713616,1.9971558944048766e-07,1.780302626449414e-05,3.537181118846983e-08,241.5,71.69848430156708,0.5903465770561228,b
0.17013275290812946,0.0007357191624891321,1.2689825695333614e-05,3.840410820523322e-05,6.390257303464461e-10,-3.5106739334443277e-07,5.571481650417218e-10,256.5,185.15432798862457,0.09402200261287542,b
0.20589629102894785,0.00827389248745027,0.0031485914345657203,0.0006620124961915372,9.495666671771107e-07,5.952529682874454e-05,1.0879539466071237e-07,1051.5,158.1248904466629,0.5284679646093476,b
0.1902897905193633,0.0036579955466786527,0.0016169415721071691,0.0003823441173447493,2.945487958878142e-07,2.0286080289840174e-05,6.014925361180897e-08,210.0,71.4558436870575,0.5168370703454834,b
0.20783343642828794,0.005772306984666935,0.003984797312183279,0.0010993102229017659,2.2890833160766436e-06,8.01679225974743e-05,2.321455411220494e-07,211.5,79.69848430156708,0.41842739586648775,b
0.19019309369531695,0.0036712684122381864,0.001416679023212924,0.0005051636104204905,4.264978512356723e-07,2.3979524292605264e-05,2.6975894056005953e-08,1285.0,402.4751765727997,0.09968614292444059,b
0.18566437242080244,0.0034240292568488142,0.0013881035574127183,0.00024761233719065357,1.4315730759375926e-07,1.352558607093793e-05,2.4074550456419962e-08,244.5,72.87005722522736,0.5786160901345242,b
0.5347442838726855,0.015236920226976938,0.04386783034751374,0.011840127761779605,0.00017282079421282183,0.0010584847497986682,0.0002072366895506497,85.0,104.91168737411499,0.0970467610652971,b
0.16286359364513836,0.0001922705989503699,0.00013126119230894712,1.749448990800995e-06,1.1978815154424828e-12,1.9898787581928903e-08,2.648355613093552e-11,160.5,49.21320307254791,0.8327634125349079,c
0.3632546053035127,0.003689150326356181,0.0007817938479138052,0.0011908084160494156,-1.1450083385342544e-06,-7.21465267772748e-05,9.53396879801673e-08,453.0,163.53910398483276,0.21284567907648272,c
0.30515609527976745,0.0019622998087547605,0.0012522593114166745,0.00048278304608022696,-3.39653892209212e-07,-2.1358007115771474e-05,1.5983737675414172e-07,154.5,88.18376553058624,0.24966695724302826,c
0.21915247984074715,0.0005478692720487405,0.00016407911559627978,6.050681012657479e-05,-4.408931210792403e-09,-1.272691933797976e-06,4.111948091582322e-09,230.0,90.42640614509583,0.3534656037549269,c
0.24166397539410128,0.0015509849033727196,0.00015249969542613872,0.00013209947280674655,-1.6405638045330267e-08,-4.920392004312837e-06,-9.077059073266935e-09,85.0,56.62741661071777,0.33310050516421674,c
0.16336202622035767,0.0003689830410370503,0.0001254355723129734,2.252264563262498e-06,2.3164015609715164e-11,4.210606912709978e-08,2.9942217731555124e-11,168.0,51.455843687057495,0.7973513592064404,c
0.3461431403451636,0.008211129051454082,0.0027749162530415847,0.0006365864830582936,-8.458164595535965e-07,-5.761018686351615e-05,-2.1087074419923326e-08,474.0,154.71067690849304,0.24885572317379454,c
0.2747654726782957,0.003955481014497967,0.001178454630058006,0.0003302467428350681,-2.05542406972937e-07,-2.0742521788515806e-05,1.4053835520829454e-08,184.0,86.76955199241638,0.30710930614742954,c
0.16297565450849877,0.00017788020474249265,0.00016145262042837927,9.915043460536615e-07,1.2049617746397684e-11,1.3134747136691613e-08,-3.489879066269845e-12,93.5,36.72792184352875,0.8710212765822641,c
0.7576593345198723,0.005764160802907673,0.010449371567204952,0.017566078649399207,-0.0002339881736929928,-0.0011285477733787837,-4.3455868719664316e-05,521.5,245.86500489711761,0.10841034856736999,c
0.5284735433863239,0.05916670180425408,0.0240983969820395,0.007312029210276251,-9.245341362032749e-05,-0.0016577555502629857,2.9554571259336258e-05,63.5,84.18376553058624,0.11259701925604981,c
0.3104654683039786,0.00292067574654618,0.0005518645993928704,0.0003404157498095253,-1.403737596498293e-07,-1.662286867839941e-05,-4.544623320783693e-08,143.5,84.18376553058624,0.2544515317046165,c
0.5070331820945175,0.003351560290334851,0.0017453533212677247,0.004989360074025218,-1.4698371590902326e-05,-0.0002861969404956494,8.586135286434592e-07,310.0,158.36753106117249,0.15532425010697884,c
0.2712619336456455,0.001658333207317273,0.00020948025753115233,0.00023812318142379393,-4.981640863097639e-08,-9.624338436639119e-06,1.862184120129129e-08,287.5,111.15432798862457,0.2924118431622095,c
0.5156921463244027,0.023534070188838865,0.013659235115287428,0.00410697084827876,-2.981444651942745e-05,-0.0006150767838548893,-7.570789694524124e-06,354.0,160.36753106117249,0.17297376555588867,c
0.7736378512797772,0.048972745337802645,0.03884139272672748,0.012780980037621882,-0.0002821019793157784,-0.002815353648870128,3.8887026005556136e-05,526.0,234.7939372062683,0.11990073662108455,c
0.31683425401750986,0.0014016319276906803,0.0010023335885746972,0.0005484865544585817,-3.6581341386435637e-07,-2.020929426481887e-05,1.7768208923299687e-07,148.0,87.94112491607666,0.24048475256933824,c
0.3607324272528726,0.0036245444324279523,0.0008436311975663461,0.00117746768259662,-1.1606320157209118e-06,-7.08882654840717e-05,-1.7361332772858603e-07,455.5,165.4385987520218,0.20913395919633604,c
0.46663627493955184,0.05819671218010725,0.006442833031437696,0.005672624498659941,-3.262598091265063e-05,-0.0013634744652827916,1.0564280970621085e-05,44.0,76.42640614509583,0.09466199754931834,c
0.7802826469008401,0.007743770949099118,0.01748348455608106,0.0020279495205581346,-1.5548107906295906e-06,-7.210393993565536e-06,1.1974833099104384e-05,258.5,177.09545290470123,0.10357515470122308,c
0.5122631939556226,0.005440030350062417,0.0030490102505255695,0.005718382826046178,-2.0859167411726952e-05,-0.0004109908978236074,-1.1620295415611897e-05,304.0,158.71067690849304,0.1516600377533014,c
0.6050799632389057,0.028895212574656222,0.015808778712806434,0.004337120891082672,-3.342732462205237e-05,-0.0007053553567414227,1.312844806649773e-05,262.5,145.29646337032318,0.15625325928204545,c
0.5156921463244017,0.02353407018884095,0.013659235115250513,0.004106970848274929,-2.981444651929215e-05,-0.0006150767838536871,-7.5707896947132006e-06,354.0,160.36753106117249,0.17297376555588867,c
0.27326476220573315,0.004435642594032094,0.0011156861933344043,0.00025641319310920624,-1.354923428783859e-07,-1.6774577123672852e-05,-2.123004287221851e-08,187.5,89.84061968326569,0.29192121531124854,c
0.5356862260803845,0.004953887968929829,0.0032151029916817064,0.006602536928883802,-3.0184179204589865e-05,-0.0004555997817129102,-3.7829717167377076e-06,292.0,156.71067690849304,0.14941546212746956,c
0.8800218982831404,0.033516183249588404,0.09557079121552932,0.10833499077515579,0.007414958551780092,0.015792965679809708,0.008156826662853715,175.0,227.62236428260803,0.04244417072367795,c
0.7771304688054431,0.039224453079085675,0.025213485449218545,0.009306300013083024,-0.0001394799290872712,-0.0018129538545526543,2.9448877921148038e-05,235.5,154.95331752300262,0.12325343107071571,c
0.16469518899460003,0.0004267880473813976,0.00010075981616700311,3.7027868775270845e-06,-7.08699207780859e-11,-7.624674316401973e-08,9.632375524766109e-12,269.0,67.11269783973694,0.7505035477921586,c
0.39692128168072693,0.0008055172623738822,0.002353738838083013,0.002028312199710973,3.719621431148583e-06,5.562011097854138e-05,2.409434599289696e-06,212.0,121.39696860313416,0.18077153287277586,c
0.3511828391943691,0.007119189379614428,0.002073571551291635,0.0005907037005576226,-6.533381284458451e-07,-4.9704199080716685e-05,2.330181513778703e-08,471.5,158.2670258283615,0.23654331498514267,c
0.6133543739432166,0.00563861118270314,0.009254190108258243,0.014666904841078679,-0.0001472567097261737,-0.0006400384218494008,-8.668051046214019e-05,602.0,252.1076455116272,0.11902393998202232,c
2.140110887320845,0.24041737957409168,4.311577882762241,2.285450322544464,0.3152547358335318,-1.1085474815773453,7.16730836548424,28.5,210.89444243907928,0.008052383561757906,c
0.3566685637807977,0.0017428576054198102,0.0014374072037639492,0.0012149511838536228,-1.5707496125282242e-06,-5.069641327683828e-05,3.325472882751311e-07,496.0,172.85281229019165,0.20861168972910799,c
1.156789616705058,0.10958922989607542,0.11944990746128374,0.04094904639250056,-0.00284472642725009,-0.013529756594250226,0.0003308821872805769,155.5,148.95331752300262,0.0880724132807546,c
1.165049681901803,0.07883167618358852,0.08588968487280045,0.03975963942834943,-0.0022854696425700497,-0.011025492715875811,0.00041841251977714695,348.5,230.55129659175873,0.08239057020147048,c
0.5124314773075849,0.04257825639693663,0.004126348336399629,0.017554342905783556,0.00012195288085743685,-0.002499070379879418,-8.630644135889748e-05,33.0,83.94112491607666,0.05885376270794035,c
1.1693409861088009,0.09601821642610187,0.10645562513456266,0.047178537836676804,-0.0030484809050621174,-0.01393999032889836,-0.0013732227555948156,344.0,228.30865597724915,0.08293226977364851,c
0.41066283252848834,0.007991424444427579,0.003421004380777049,0.001388081758322989,-2.596671858547763e-06,-0.00011334561107396943,1.551394519610459e-06,114.0,82.76955199241638,0.20910937615122224,c
0.5852661615937281,0.005597685505183719,0.010057445635160431,0.012249564056948443,4.336401635848174e-05,0.0005797836829408696,0.0001288636679081547,136.0,115.0538227558136,0.12910607147812952,c
0.35004165791653,0.0009323308274762853,0.002022469828251053,0.0003776450570328353,-9.809318943618957e-09,-3.5116094207560864e-06,3.2989431066776707e-07,61.0,60.28427076339722,0.21092675702332053,c
0.23393833614453047,0.001118449442715601,0.00028533320384120664,8.08129787849877e-05,-1.1814091738872486e-08,-2.6883397742306448e-06,3.3191974629170182e-09,219.0,92.08326029777527,0.324558213248671,c
0.28223644541401616,0.00043609773262695583,0.0007802376387219211,0.000270204708744595,3.1000211524056847e-08,4.543100189422301e-06,1.2013060352854866e-07,315.5,125.63960921764374,0.251163238232645,c
0.1613145812184941,0.000276889100900804,4.541312114929516e-05,1.212588777352098e-07,-2.236546322955123e-13,-1.3004674314458142e-09,1.7592101556256857e-13,149.5,47.21320307254791,0.8427992226645273,c
0.7877305361457192,0.04538979330595409,0.038334588827641174,0.013285574546120294,-0.0002987220502558326,-0.0028203037461271806,-2.5678194613462522e-05,228.5,155.29646337032318,0.11906193528220953,c
0.817899893173283,0.03856653895069434,0.0928117269772343,0.020341930803498387,-0.00027529524900143053,-0.0008245433584955966,0.000839906752223593,108.5,125.29646337032318,0.08684843096738432,c
0.506647685886423,0.009074258936204579,0.006888383234932535,0.001658749969210717,-5.545285727813716e-06,-0.00015062809623722672,-8.29566635594624e-07,90.5,82.18376553058624,0.168378397179983,c
0.3987176477189802,0.0012886170587088869,0.0026983629205547203,0.0019394216565237822,2.8003351940958334e-06,5.490243009763044e-05,3.4412630971817308e-06,478.5,183.92387998104095,0.17775243797260604,c
0.5095675928487692,0.027790632731588834,0.044080992444806254,0.021658484137115196,0.0003171290289659685,-0.0010322967527044704,-0.0005893065658704238,40.5,79.01219260692596,0.08152234425867393,c
0.2847445315538128,0.0011383134605786771,0.0009084870245759779,0.00027682011337721495,9.095127557500265e-08,7.861410764008795e-06,1.0487704236166651e-07,317.5,124.46803629398346,0.25753598337129324,c
0.16367010591660963,0.0005013632142944358,2.898910324839891e-05,8.165202022099842e-07,-3.884223953230815e-12,-9.626918088045737e-09,8.329723672896599e-13,107.5,39.55634891986847,0.8633480851828433,c
0.38869196528443994,0.006416130802367314,0.0024030888416604534,0.0008285763892582532,-1.0741225050206558e-06,-6.616388087499282e-05,4.617982380318984e-07,122.0,82.42640614509583,0.22565084560319176,c
2.6511111111110957,1.9233827160493693,0.41825752537288247,0.8423655615959036,0.0023961206330678567,1.0903841683847475,0.49999746199069794,5.0,73.94112491607666,0.011492321351549071,c
0.26223921240011766,0.0033016132439153962,0.0011268602309208887,0.0003129558046835445,-1.8468921599376193e-07,-1.7594942272355013e-05,2.0727643874926934e-08,187.0,84.42640614509583,0.3296817184294315,c
0.7956153133150304,0.036970901696598155,0.029639365286091915,0.011886589094697898,-0.0002098285580402176,-0.0022377802456518756,7.583102035941581e-05,228.0,155.1959581375122,0.11895532779390501,c
0.3886919652844282,0.0064161308023701295,0.0024030888416853966,0.0008285763892741605,-1.0741225050439307e-06,-6.616388087617444e-05,4.6179823807837054e-07,122.0,82.42640614509583,0.22565084560319176,c
0.7818221033624757,0.008075085894551852,0.018630224144005805,0.0013299860378559875,-2.5011543817090795e-06,-1.2634595730979576e-05,6.129681969345211e-06,259.0,177.68123936653137,0.10309235922852227,c
1.0043630523906222,0.023203291900804095,0.0243457869962488,0.07426429586179974,-0.0026322906041121204,-0.0038258049988182104,-0.0017443128056986118,374.5,262.3502861261368,0.06837519874229196,c
0.39373226373160275,0.0017564120108796832,0.0026392183581173067,0.0016571733435381184,1.9092758404889194e-06,5.246916758736889e-05,2.892345936807644e-06,489.0,184.5096664428711,0.18050135883592228,c
0.6251200855662626,0.004653937727036435,0.00773932660231685,0.015069695514082883,-0.0001384133372869976,-0.0005654803627384857,-8.560234929857604e-05,597.0,249.13708305358887,0.12086691698606238,c
0.6134989396523165,0.05474014733218136,0.034128491116374345,0.01124425442734495,-0.0002187485187951574,-0.0026075416472289914,-2.584138153284568e-05,70.5,85.84061968326569,0.12023012336683303,c
2.1613546975768605,0.31145309518073006,0.528062880986971,1.4771720590389972,-1.1376832934421488,0.5981657080300985,0.6385550179365735,78.0,281.4213538169861,0.012376286969917697,c
0.2275727881828689,0.000542359216400395,0.0004124934190480821,0.00014284749710556833,2.588847221409839e-08,2.132118906412628e-06,2.3068336363301202e-08,97.5,60.041630148887634,0.33986741615273786,c
0.16360434534223878,0.0004607258547128731,0.00016130069209296873,3.0590583838379066e-06,4.856865039276429e-11,6.188401259400284e-08,4.752376014543788e-11,163.0,49.455843687057495,0.8374564625072918,c
0.48691835532304717,0.010449392969053898,0.004408375997727955,0.0022234784611398477,-6.85530699196635e-06,-0.0002251111197397018,-1.20999856050477e-06,337.0,153.53910398483276,0.1796394683996991,c
5.409251028806903,4.440325788817937,83.63460563081482,3.7717349095014,-38.99078130748113,-5.456658285972051,54.47266296407559,7.5,137.9827550649643,0.004950185835450408,c
0.7201991999018266,0.003856567340129368,0.15068424902747066,0.09194184900867296,0.010118875937796286,-8.894334187067691e-05,0.0038369272900986196,51.5,103.84061968326569,0.06001814255288951,c
2.303102409078405,2.0731733299783226,0.6751194594860886,1.7454247309515674,1.7337724540338393,2.507915393713976,-0.7641640677504314,28.5,189.09545290470123,0.010015959335951567,c
0.22479050242774506,0.0014037170387957575,0.0005856171744072901,0.00018669251989999005,-6.168903460284837e-08,-5.923550054175424e-06,2.252441424820141e-09,48.5,38.72792184352875,0.4063527622136728,c
0.5213463556885005,0.005059269448845333,0.003014938475803109,0.006176104841490131,-2.5844373417423856e-05,-0.00043821329771148796,-6.506663084482716e-06,299.5,158.1248904466629,0.1505241611036611,c
0.6018908490704168,0.020822912614601168,0.010978137113895945,0.0043053906486787,-2.9586791440327264e-05,-0.0006209391085002648,8.644717868855618e-07,604.5,222.89444243907928,0.15290007168968833,c
0.16491496888889373,0.00075762876387275,6.29928882919871e-05,2.7883485075640485e-06,-3.640171318635675e-11,-7.659498006820577e-08,-6.367427217214067e-12,250.0,63.11269783973694,0.7887082479667042,c
0.2346234143539626,0.0035338126374315233,0.0003505646463368002,0.00018313206036838035,-3.653081829925226e-08,-1.08707965161222e-05,2.861091992830323e-08,43.5,37.55634891986847,0.38755414886149353,c
0.17348092262359194,3.159700757313586e-05,0.0003357569441925661,2.5941205074604285e-05,-2.437128263623874e-10,-4.054977173617531e-08,2.4087183772850383e-09,54.0,33.31370830535889,0.611445377872778,c
0.4875353114122666,0.001865071012986151,0.004736558668536698,0.0014364945107504304,-2.4985690172003053e-06,-2.103339450673269e-06,2.792382964562656e-06,418.5,184.2670258283615,0.1548852546260757,c
0.5174068654531051,0.018357461165682546,0.01052406550088666,0.0036111410069485147,-2.209502253302285e-05,-0.00048804711991087585,2.71910471891195e-06,354.5,161.4385987520218,0.17092726551545956,c
0.7707737981635931,0.046172862379373,0.04112191827533303,0.01334426607949036,-0.00031173207781331303,-0.0028595144981161374,-2.3178838822476486e-05,527.0,233.62236428260803,0.12133655207742387,c
0.48787506022209054,0.0025315799147914153,0.004934468974038071,0.0009571422607154414,-1.4706035725687619e-06,-6.382904920681344e-06,1.4711069968097459e-06,422.5,183.92387998104095,0.15694964481384752,c
0.4282476384616767,0.007621983093131227,0.0076117471447514585,0.0021807500789525662,-7.902341645729448e-06,-0.00018751891876527996,4.06126717775449e-06,84.5,70.5269113779068,0.21347982741042545,c
2.5778462019056203,0.8126166866120554,3.633822853572518,0.6397538771230322,0.17859043118076312,-0.07174703225783624,-0.9589534610771956,156.5,297.1787132024765,0.022268389560409434,c
0.7727128150797204,0.05837415778598944,0.12048925292719002,0.332476388399886,-0.054795350790097536,0.06525906437149474,-0.03775851307221336,18.5,99.49747383594513,0.02348321116963031,c
0.3794375597349874,0.0029058913005072093,0.0012851624502813893,0.0013168165399806684,-1.6980284366693632e-06,-7.098472620342362e-05,-2.2626891601536005e-07,190.0,106.08326029777527,0.2121630488720602,c
0.34366492285466577,0.0030067004894334865,0.002994132015074111,0.0008066249039380876,-1.2390098660508342e-06,-4.364494793583116e-05,1.90397495679194e-07,256.5,111.15432798862457,0.2608822183342843,c
0.27457605879183666,0.0004042551974980272,0.0006039095724520512,2.6214673544320907e-05,-3.0246599961439278e-09,-2.413403348656169e-07,1.3156139930362332e-09,88.5,64.5269113779068,0.26709845695400714,c
0.4378229016513451,0.008954452010103038,0.00901474736948021,0.0020236486123627185,-8.429379720668285e-06,-0.0001914456080663832,-1.9110573659055693e-06,85.5,70.5269113779068,0.21600621590048966,c
1.1726225936173866,0.08432351367594784,0.08292288310448265,0.03846196143660366,-0.0021718726033474666,-0.011164420095134155,-3.295579031105519e-05,346.5,230.55129659175873,0.08191774053029989,c
0.5653748153331922,0.007422353666927698,0.00987380805547405,0.006750672076026433,-5.500030040289893e-05,-0.000569027132319222,-3.5401848947975112e-06,712.5,256.20815074443817,0.13639826592919926,c
0.4865087582193006,0.020924305650261297,0.016424620383435038,0.005963973290165528,-5.847193731533669e-05,-0.000861050023573223,-8.076335813794163e-06,85.5,85.35533845424652,0.14747370839711565,c
0.30668339891379237,0.0028344095757597463,0.0008563685326003583,0.00022831638831878346,-8.493380350866075e-08,-1.0236798990921274e-05,-5.4576033096625766e-08,144.0,82.76955199241638,0.2641381593489123,c
0.9910601481481354,0.01569644204633658,0.10102422093845988,0.07412929367280799,-0.00017946361402097324,-0.0005558400631236271,0.0064125023180227475,75.0,166.36753106117249,0.03405132252310836,c
0.8050659675774016,0.028561842895240518,0.07010224051725214,0.16300939071949125,-0.00885064480248652,-0.019467171692862387,0.015010450671774974,353.5,341.8061298131943,0.038022405424707036,c
0.1646278054710911,0.00028855877907848923,0.00012919654115830424,3.499137703233927e-06,-7.370153105053454e-11,-5.827225259002589e-08,1.0163309987443807e-11,269.5,68.5269113779068,0.7211843898507473,c
0.716413296366481,0.01475997300206796,0.07775141471730979,0.04554515056611325,0.0009172614570427677,0.004058286452065237,-0.0025503641787221324,216.5,203.5807341337204,0.06564390562389032,c
0.6133038751362769,0.011077300491805706,0.025101024821450303,0.006912975523872313,-9.018532550146731e-05,-0.0007275657304056985,1.2614544908145164e-05,133.0,106.91168737411499,0.14622146706949063,c
0.8083015756766356,0.004839054590700096,0.019914250946714045,0.021840443373693185,-0.00045489356578300947,-0.0012564591830228193,2.320580713249002e-05,218.5,165.4385987520218,0.10032002213918645,c
4.683031590061358,0.3091557987325126,4.1434595819714755,1.110416419746044,-2.3548419637108116,0.5297336146209738,-0.35752364170738926,10.5,140.46803629398346,0.006687197360578428,c
0.23303993748193985,0.0007476208346305359,0.0006064861159294275,0.00024476095584462747,5.2215136092589124e-08,4.435138319124531e-06,7.852744063028368e-08,95.5,59.69848430156708,0.33673373373869286,c
0.2681399405206371,0.003991526881176342,0.002499216562638872,0.00048125826832276123,-3.5895610073411093e-07,-3.0219947854417577e-05,3.869408029521493e-07,34.0,35.31370830535889,0.34261165306612057,c
0.2963105356621864,0.0026290329052671346,0.0006304908236242925,0.00026488148661708594,-9.891968317271541e-08,-1.3140305039542692e-05,-4.395860712664119e-08,145.5,80.5269113779068,0.28196212397869397,c
2.1530921991013416,0.7515233053952952,0.9332932265070482,0.21985774619304205,-0.01742730076529228,-0.008332577884346978,-0.09805473226022375,191.0,260.9360725879669,0.03525128789364419,c
0.16293250309567778,0.0003137719188587429,0.00012279081382358833,1.653760523253266e-06,1.6342243689652686e-11,2.621480827272545e-08,1.6979480669257054e-11,159.0,48.62741661071777,0.844976426127627,c
